email,password,fullname
perf01@eshop.test,Perf1234!,Perf User 01
perf02@eshop.test,Perf1234!,Perf User 02
perf03@eshop.test,Perf1234!,Perf User 03
perf04@eshop.test,Perf1234!,Perf User 04
perf05@eshop.test,Perf1234!,Perf User 05
perf06@eshop.test,Perf1234!,Perf User 06
perf07@eshop.test,Perf1234!,Perf User 07
perf08@eshop.test,Perf1234!,Perf User 08
perf09@eshop.test,Perf1234!,Perf User 09
perf10@eshop.test,Perf1234!,Perf User 10
perf11@eshop.test,Perf1234!,Perf User 11
perf12@eshop.test,Perf1234!,Perf User 12
perf13@eshop.test,Perf1234!,Perf User 13
perf14@eshop.test,Perf1234!,Perf User 14
perf15@eshop.test,Perf1234!,Perf User 15
perf16@eshop.test,Perf1234!,Perf User 16
perf17@eshop.test,Perf1234!,Perf User 17
perf18@eshop.test,Perf1234!,Perf User 18
perf19@eshop.test,Perf1234!,Perf User 19
perf20@eshop.test,Perf1234!,Perf User 20
perf21@eshop.test,Perf1234!,Perf User 21
perf22@eshop.test,Perf1234!,Perf User 22
perf23@eshop.test,Perf1234!,Perf User 23
perf24@eshop.test,Perf1234!,Perf User 24
perf25@eshop.test,Perf1234!,Perf User 25
perf26@eshop.test,Perf1234!,Perf User 26
perf27@eshop.test,Perf1234!,Perf User 27
perf28@eshop.test,Perf1234!,Perf User 28
perf29@eshop.test,Perf1234!,Perf User 29
perf30@eshop.test,Perf1234!,Perf User 30
perf31@eshop.test,Perf1234!,Perf User 31
perf32@eshop.test,Perf1234!,Perf User 32
perf33@eshop.test,Perf1234!,Perf User 33
perf34@eshop.test,Perf1234!,Perf User 34
perf35@eshop.test,Perf1234!,Perf User 35
perf36@eshop.test,Perf1234!,Perf User 36
perf37@eshop.test,Perf1234!,Perf User 37
perf38@eshop.test,Perf1234!,Perf User 38
perf39@eshop.test,Perf1234!,Perf User 39
perf40@eshop.test,Perf1234!,Perf User 40
perf41@eshop.test,Perf1234!,Perf User 41
perf42@eshop.test,Perf1234!,Perf User 42
perf43@eshop.test,Perf1234!,Perf User 43
perf44@eshop.test,Perf1234!,Perf User 44
perf45@eshop.test,Perf1234!,Perf User 45
perf46@eshop.test,Perf1234!,Perf User 46
perf47@eshop.test,Perf1234!,Perf User 47
perf48@eshop.test,Perf1234!,Perf User 48
perf49@eshop.test,Perf1234!,Perf User 49
perf50@eshop.test,Perf1234!,Perf User 50
perf51@eshop.test,Perf1234!,Perf User 51
perf52@eshop.test,Perf1234!,Perf User 52
perf53@eshop.test,Perf1234!,Perf User 53
perf54@eshop.test,Perf1234!,Perf User 54
perf55@eshop.test,Perf1234!,Perf User 55
perf56@eshop.test,Perf1234!,Perf User 56
perf57@eshop.test,Perf1234!,Perf User 57
perf58@eshop.test,Perf1234!,Perf User 58
perf59@eshop.test,Perf1234!,Perf User 59
perf60@eshop.test,Perf1234!,Perf User 60
